"travel_agent_id","name","contact"
1,"Tanmay Gokhale",8927234789
2,"Aarav Sharma",9012345678
3,"Aishwarya Gupta",9123456780
4,"Arjun Singh",9234567891
5,"Neha Kapoor",9345678902
6,"Vikram Choudhary",9456789013
7,"Khushi Joshi",9567890124
8,"Rohan Sharma",9678901235
9,"Mira Reddy",9789012346
10,"Harsh Patel",9890123457
11,"Ishaan Verma",9901234568
12,"Ananya Gupta",9012345671
13,"Rahul Yadav",9123456782
14,"Tanvi Kapoor",9234567893
15,"Aditya Chauhan",9345678904
16,"Ria Sharma",9456789015
17,"Karan Singh",9567890126
18,"Zoya Khan",9678901237
19,"Ravi Reddy",9789012348
20,"Priya Patel",9890123459
